{"cameraMode":{"drawMode":0,"name":"Shaded","section":"Shading Mode"},"sceneLighting":true,"audioPlay":false,"sceneViewState":{"showFog":true,"showMaterialUpdate":false,"showSkybox":true,"showFlares":true,"showImageEffects":true,"showParticleSystems":true},"in2DMode":false,"pivot":{"x":-0.9819327592849731,"y":-1.5252176523208619,"z":0.603180468082428},"rotation":{"x":-0.34623515605926516,"y":-0.11582610756158829,"z":0.043136343359947208,"w":-0.9300036430358887},"size":2.562218427658081,"orthographic":false}