{"cameraMode":{"drawMode":0,"name":"Shaded","section":"Shading Mode"},"sceneLighting":false,"audioPlay":false,"sceneViewState":{"showFog":true,"showMaterialUpdate":false,"showSkybox":false,"showFlares":true,"showImageEffects":true,"showParticleSystems":true},"in2DMode":false,"pivot":{"x":-0.15149393677711488,"y":0.3477555513381958,"z":-0.004643142223358154},"rotation":{"x":-0.1520969420671463,"y":0.6421287059783936,"z":-0.13205976784229279,"w":-0.7396965622901917},"size":1.2858922481536866,"orthographic":false}