{"cameraMode":{"drawMode":0,"name":"Shaded","section":"Shading Mode"},"sceneLighting":false,"audioPlay":false,"sceneViewState":{"showFog":true,"showMaterialUpdate":false,"showSkybox":false,"showFlares":true,"showImageEffects":true,"showParticleSystems":true},"in2DMode":false,"pivot":{"x":-0.02200986072421074,"y":0.307194322347641,"z":0.09953923523426056},"rotation":{"x":0.07686599344015122,"y":0.8688941597938538,"z":-0.14280778169631959,"w":0.4677041172981262},"size":0.5172606110572815,"orthographic":false}