{"cameraMode":{"drawMode":0,"name":"Shaded","section":"Shading Mode"},"sceneLighting":false,"audioPlay":false,"sceneViewState":{"showFog":true,"showMaterialUpdate":false,"showSkybox":false,"showFlares":true,"showImageEffects":true,"showParticleSystems":true},"in2DMode":false,"pivot":{"x":0.0,"y":-1.6275990009307862,"z":0.007088899612426758},"rotation":{"x":0.005478871986269951,"y":-0.9670188426971436,"z":0.25394731760025027,"w":0.020902186632156373},"size":0.5397849678993225,"orthographic":true}