{"cameraMode":{"drawMode":0,"name":"Shaded","section":"Shading Mode"},"sceneLighting":false,"audioPlay":false,"sceneViewState":{"showFog":true,"showMaterialUpdate":false,"showSkybox":false,"showFlares":true,"showImageEffects":true,"showParticleSystems":true},"in2DMode":false,"pivot":{"x":-0.05579788237810135,"y":-0.007088910788297653,"z":0.07240099459886551},"rotation":{"x":0.1015109121799469,"y":-0.8611733317375183,"z":0.18976199626922608,"w":0.4605671167373657},"size":0.5095542669296265,"orthographic":false}