{"cameraMode":{"drawMode":0,"name":"Shaded","section":"Shading Mode"},"sceneLighting":false,"audioPlay":false,"sceneViewState":{"showFog":true,"showMaterialUpdate":false,"showSkybox":false,"showFlares":true,"showImageEffects":true,"showParticleSystems":true},"in2DMode":false,"pivot":{"x":-0.07487129420042038,"y":-0.03902193531394005,"z":-0.2848789393901825},"rotation":{"x":-0.0017500955145806075,"y":-0.996263861656189,"z":0.0841946005821228,"w":-0.020632054656744005},"size":0.7421160936355591,"orthographic":false}