{"cameraMode":{"drawMode":0,"name":"Shaded","section":"Shading Mode"},"sceneLighting":false,"audioPlay":false,"sceneViewState":{"showFog":false,"showMaterialUpdate":false,"showSkybox":false,"showFlares":false,"showImageEffects":false,"showParticleSystems":true},"in2DMode":false,"pivot":{"x":-0.00025172531604766846,"y":0.07611076533794403,"z":-0.006017763167619705},"rotation":{"x":0.34827905893325808,"y":0.4049345850944519,"z":-0.17029917240142823,"w":0.8281131982803345},"size":0.26305097341537478,"orthographic":false}