{"cameraMode":{"drawMode":0,"name":"Shaded","section":"Shading Mode"},"sceneLighting":false,"audioPlay":false,"sceneViewState":{"showFog":false,"showMaterialUpdate":false,"showSkybox":false,"showFlares":false,"showImageEffects":false,"showParticleSystems":true},"in2DMode":false,"pivot":{"x":1.9464973211288453,"y":0.8679095506668091,"z":1.5819649696350098},"rotation":{"x":0.0005104804295115173,"y":-0.992676317691803,"z":0.12152013927698136,"w":0.0035770158283412458},"size":1.6136927604675294,"orthographic":false}