{"cameraMode":{"drawMode":0,"name":"Shaded","section":"Shading Mode"},"sceneLighting":false,"audioPlay":false,"sceneViewState":{"showFog":false,"showMaterialUpdate":false,"showSkybox":false,"showFlares":false,"showImageEffects":false,"showParticleSystems":true},"in2DMode":false,"pivot":{"x":-0.009199339896440506,"y":0.0032976530492305757,"z":0.03201741725206375},"rotation":{"x":0.12399240583181381,"y":0.8754092454910278,"z":-0.31223610043525698,"w":0.34762075543403628},"size":0.31954437494277956,"orthographic":false}