{"cameraMode":{"drawMode":0,"name":"Shaded","section":"Shading Mode"},"sceneLighting":false,"audioPlay":false,"sceneViewState":{"showFog":false,"showMaterialUpdate":false,"showSkybox":false,"showFlares":false,"showImageEffects":false,"showParticleSystems":true},"in2DMode":false,"pivot":{"x":-0.0003641843795776367,"y":0.4367924928665161,"z":0.009448260068893433},"rotation":{"x":0.027605703100562097,"y":0.9689863324165344,"z":-0.21018938720226289,"w":0.12717245519161225},"size":1.1448378562927247,"orthographic":false}