{"cameraMode":{"drawMode":0,"name":"Shaded","section":"Shading Mode"},"sceneLighting":false,"audioPlay":false,"sceneViewState":{"showFog":false,"showMaterialUpdate":false,"showSkybox":false,"showFlares":false,"showImageEffects":false,"showParticleSystems":true},"in2DMode":false,"pivot":{"x":-0.05119013786315918,"y":0.6827328205108643,"z":-0.0803065299987793},"rotation":{"x":0.12399240583181381,"y":0.8754092454910278,"z":-0.31223610043525698,"w":0.34762075543403628},"size":2.121677875518799,"orthographic":false}