{"cameraMode":{"drawMode":0,"name":"Shaded","section":"Shading Mode"},"sceneLighting":false,"audioPlay":false,"sceneViewState":{"showFog":false,"showMaterialUpdate":false,"showSkybox":false,"showFlares":false,"showImageEffects":false,"showParticleSystems":true},"in2DMode":false,"pivot":{"x":0.00041291117668151855,"y":0.0947643369436264,"z":0.00021324306726455688},"rotation":{"x":0.12399240583181381,"y":0.8754092454910278,"z":-0.31223610043525698,"w":0.34762075543403628},"size":0.47713303565979006,"orthographic":false}