{"cameraMode":{"drawMode":0,"name":"Shaded","section":"Shading Mode"},"sceneLighting":false,"audioPlay":false,"sceneViewState":{"showFog":false,"showMaterialUpdate":false,"showSkybox":false,"showFlares":false,"showImageEffects":false,"showParticleSystems":true},"in2DMode":false,"pivot":{"x":0.11515459418296814,"y":0.24182580411434174,"z":1.6592656373977662},"rotation":{"x":-0.01711675524711609,"y":-0.9594631195068359,"z":0.27518710494041445,"w":-0.059957779943943027},"size":2.321908473968506,"orthographic":false}