{"cameraMode":{"drawMode":0,"name":"Shaded","section":"Shading Mode"},"sceneLighting":true,"audioPlay":false,"sceneViewState":{"showFog":false,"showMaterialUpdate":false,"showSkybox":false,"showFlares":false,"showImageEffects":false,"showParticleSystems":true},"in2DMode":false,"pivot":{"x":-1.3777862787246705,"y":0.20749735832214356,"z":4.691981315612793},"rotation":{"x":-0.04864226654171944,"y":0.09656773507595062,"z":-0.005044034216552973,"w":-0.9943094253540039},"size":7.245965003967285,"orthographic":false}